{
  "project_info": {
    "project_number": "491063301718",
    "firebase_url": "https://miniquiz-45df0.firebaseio.com",
    "project_id": "miniquiz-45df0",
    "storage_bucket": "miniquiz-45df0.appspot.com"
  },
  "client": [
    {
      "client_info": {
        "mobilesdk_app_id": "1:491063301718:android:651894a9121eed3e038df7",
        "android_client_info": {
          "package_name": "com.ovi.miniquiz"
        }
      },
      "oauth_client": [
        {
          "client_id": "491063301718-qmqev9435m4gtf58tnc2il7n3b7n8hsi.apps.googleusercontent.com",
          "client_type": 3
        }
      ],
      "api_key": [
        {
          "current_key": "AIzaSyD5z-0Q5pCxJigk1dtCizp8lBMW7M-XwgM"
        }
      ],
      "services": {
        "appinvite_service": {
          "other_platform_oauth_client": [
            {
              "client_id": "491063301718-qmqev9435m4gtf58tnc2il7n3b7n8hsi.apps.googleusercontent.com",
              "client_type": 3
            }
          ]
        }
      }
    }
  ],
  "configuration_version": "1"
}